seed,episode,return,ttm,total_steps,final_mastery,cumulative_reward,question_accuracy,content_rate,blueprint_adherence,post_content_gain,post_content_gain_video,post_content_gain_PPT,post_content_gain_text,post_content_gain_blog,post_content_gain_article,post_content_gain_handout,mean_frustration
0,1,10.213354556945344,120,74,0.3902237201930044,10.213354556945344,0.3333333333333333,0.6756756756756757,98.88888793066144,0.04360338325544002,0.07570249221211618,0.04990368290885027,0.03882083595203511,0.023280617286857187,0.03947812585953173,0.03522868393739281,0.21486486486486486
0,2,30.26090587956201,120,114,0.4457427246229389,30.26090587956201,0.5957446808510638,0.5877192982456141,99.14893507957458,0.04276374963532017,0.06344340622439457,0.053740752624962536,0.020160938256199155,0.04064890548368856,0.040214432307518,0.036658507680262985,0.30429824561403496
0,3,45.68199426064965,120,113,0.4464351345955356,45.68199426064965,0.972972972972973,0.672566371681416,98.9189182408154,0.05606085238771578,0.08514621988067148,0.061922020778171945,0.0359792681781856,0.04263231543623933,0.049136434535313044,0.04174633652652399,0.028938053097345137
0,4,18.10743338103278,120,109,0.4251538214729058,18.10743338103278,0.41379310344827586,0.7339449541284404,99.08045930787921,0.047261876798335566,0.071462309010584,0.06321036591065304,0.02930619082311174,0.04401512980167083,0.028777431063352465,0.03875629564101274,0.22403669724770645
0,5,31.22781147148482,120,107,0.4516900285432074,31.22781147148482,0.6388888888888888,0.6635514018691588,99.2592602968216,0.05939501494787233,0.07730042122640633,0.06488155104770978,0.045170835648141776,0.05777704672737855,0.05414492853959704,0.05412811053743954,0.08859813084112153
0,6,17.484588671625545,120,98,0.40425817158329624,17.484588671625545,0.36363636363636365,0.6632653061224489,98.38383700698614,0.05144183583564081,0.07995033589245956,0.060057221293637206,0.024509658424047447,0.046089431900739726,0.046337911438341095,0.02491297184433506,0.1942857142857143
0,7,22.62311315238673,120,118,0.4208303035124692,22.62311315238673,0.48484848484848486,0.7203389830508474,98.38383700698614,0.049186254469516896,0.07168095767443114,0.04809562588280553,0.0381876938438103,0.05547722378765774,0.04309305149898457,0.038121981378551634,0.22762711864406782
0,8,38.315461760404055,120,109,0.4767349347960295,38.315461760404055,0.8333333333333334,0.6697247706422018,99.2592602968216,0.05401492907497318,0.07675649112943451,0.06286901634682061,0.044593896653474914,0.054867960259986796,0.046807659671742316,0.03643505713576766,0.0491743119266055
0,9,36.76552283681998,120,97,0.4567385766704314,36.76552283681998,0.8571428571428571,0.6391752577319587,100.0,0.049766922813727715,0.0766235070157343,0.05643870208343311,0.032443591428060324,0.053277476469658136,0.05857110170505381,0.028497570893572504,0.034020618556701035
0,10,25.581986440925082,120,111,0.4218364745844356,25.581986440925082,0.5757575757575758,0.7027027027027027,98.38383700698614,0.04712264832821663,0.07263795181441988,0.05449035428661553,0.0286017180529248,0.04756356964062815,0.049460761559550995,0.03659532153452345,0.1592792792792793
0,11,23.09774820360726,120,85,0.40150597600491705,23.09774820360726,0.5862068965517241,0.6588235294117647,99.08045930787921,0.05672147891907538,0.09391227838462173,0.06251647703360241,0.04373764549794757,0.049164906172842644,0.052477656671470654,0.04059517518013819,0.09647058823529411
0,12,35.95950771766789,120,105,0.39660357595419593,35.95950771766789,0.8235294117647058,0.6761904761904762,99.21568632125854,0.05287197364232244,0.07250827956583,0.06308199357945957,0.02961945157747006,0.05382281816070589,0.04811593590840359,0.04257528391332968,0.06514285714285716
0,13,22.618893902228074,120,116,0.3937269346443432,22.618893902228074,0.45454545454545453,0.6206896551724138,99.39393796958029,0.04898209152560603,0.06921164349286882,0.04807512062015062,0.030863606179978208,0.04615411188709678,0.04698636334421803,0.04699131398127481,0.3856896551724138
0,14,22.089221056681186,120,86,0.3997746120418229,22.089221056681186,0.6333333333333333,0.6511627906976745,100.0,0.04897856357214504,0.07011887154196095,0.05295285025005314,0.03731529452867422,0.04786947014654509,0.055446996945639364,0.03560062227954668,0.3318604651162792
0,15,31.996012019449502,120,118,0.44539765206794635,31.996012019449502,0.7105263157894737,0.6779661016949152,98.59649045392871,0.04485579380136469,0.06139066523926603,0.06070321819687636,0.028893846282221677,0.04624144740405404,0.03609027714686402,0.041042962931105084,0.26076271186440675
0,16,35.37018239778683,120,102,0.4253535159032232,35.37018239778683,0.8,0.6568627450980392,100.0,0.050952849885623,0.06820384270221377,0.06556478408000202,0.0433022107079516,0.045930665713689166,0.03847264387051199,0.03687266135959661,0.04431372549019608
0,17,27.98203477661377,120,110,0.4407371250426664,27.98203477661377,0.6451612903225806,0.7181818181818181,99.13978474214673,0.05099364046441782,0.06480240514012665,0.056261601012602115,0.04066072139494518,0.05675302267424904,0.04506270609917231,0.03957617622014312,0.10472727272727272
0,18,35.82669947934231,120,116,0.485595476239698,35.82669947934231,0.7368421052631579,0.6724137931034483,98.59649045392871,0.048151793276254025,0.07005700290871217,0.05402297029598049,0.030478148235828992,0.05727517227895643,0.04798598267073852,0.03192254387265588,0.046810344827586205
0,19,27.559403063556843,120,104,0.4117775034372172,27.559403063556843,0.6470588235294118,0.6730769230769231,99.21568632125854,0.04714384288893185,0.06395512932064196,0.05024274512762689,0.03619571514775068,0.05285437014323907,0.053532746080954645,0.032642269677504145,0.13125000000000003
0,20,33.60502828866517,120,116,0.4531007490096169,33.60502828866517,0.6,0.6120689655172413,100.0,0.05136452099846071,0.07252644137374455,0.053159448286728424,0.04152858996098085,0.04971301498477064,0.039213853596832327,0.04914455438506106,0.09198275862068966
0,21,23.782399696905706,120,92,0.41049201877253605,23.782399696905706,0.59375,0.6521739130434783,98.74999923631549,0.05053272507641046,0.0894140250923712,0.0577443754073893,0.04602829714542153,0.058457503500492815,0.04065270600320617,0.03211287592544224,0.1672826086956522
0,22,41.00194334796069,120,111,0.42519923706550955,41.00194334796069,0.7857142857142857,0.6216216216216216,98.09523820877075,0.053815944045892745,0.07978837842789334,0.0643707405169246,0.03078656147868802,0.06081783435978994,0.042650829006864434,0.02928412142178428,0.0482882882882883
0,23,25.629725249541888,120,81,0.4467350993292706,25.629725249541888,0.7407407407407407,0.6666666666666666,98.51851761341095,0.05262481069140521,0.05817734531900924,0.063042525460913,0.03969838225051861,0.05593491277632555,0.049391473368409135,0.04940125021171174,0.07185185185185188
0,24,28.87594392566676,120,95,0.401551898444098,28.87594392566676,0.6875,0.6631578947368421,98.74999923631549,0.05487961940242402,0.0869601115368856,0.052501322956957676,0.042232980409469704,0.05463137621413479,0.04828326944067472,0.04842366359775341,0.09789473684210527
0,25,26.385049149541906,120,100,0.4442357335223781,26.385049149541906,0.6896551724137931,0.71,99.08045930787921,0.04660783898870048,0.08522861733705525,0.045757861295251535,0.03152164522086021,0.041763671134583014,0.048622689119421664,0.043283044287725336,0.11280000000000001
0,26,6.070797843888596,120,65,0.3466987885483192,6.070797843888596,0.22727272727272727,0.6615384615384615,98.1818163767457,0.04546582319965834,0.08776531043943483,0.04640359789721062,0.04227680851037491,0.024712281813830138,0.0338097314912893,0.028505559240109675,0.4306153846153846
0,27,17.467635948532973,120,80,0.4149860764529351,17.467635948532973,0.6363636363636364,0.725,98.1818163767457,0.0424893344043862,0.06527508898210355,0.05067691577353697,0.03018384399588848,0.05030803703006624,0.05147022445444895,0.03272295260857191,0.2718750000000001
0,28,6.268701904260576,120,60,0.3901650620114023,6.268701904260576,0.3,0.6666666666666666,100.0,0.041248894366564294,0.06255660357059477,0.05252540801396987,0.03827308105464928,0.02927911944073062,0.033051655780422386,0.032969458121162566,0.485
0,29,15.828032268443444,120,118,0.3776952754477108,15.828032268443444,0.42857142857142855,0.7033898305084746,100.0,0.03842238054487438,0.04390356349907891,0.05480082206447293,0.03098480329816241,0.04340250208172511,0.030171145889494436,0.030223762969635075,0.564237288135593
0,30,37.93270713129409,120,84,0.4300096680469541,37.93270713129409,0.9696969696969697,0.6071428571428571,98.78787891939282,0.05082755891404113,0.06971941102587798,0.06294922518483631,0.04489487510506943,0.052311704539052706,0.041376212154705674,0.03950965635668546,0.015595238095238098
0,31,3.562735311571324,120,46,0.3839661473591248,3.562735311571324,0.13333333333333333,0.6739130434782609,100.0,0.05609847504009827,0.078948976969804,0.06155329796910916,0.050733929145994235,0.05797417269845454,0.041522972300533215,0.031847597696696976,0.4084782608695653
0,32,18.05678644144128,120,105,0.4453814381705338,18.05678644144128,0.4358974358974359,0.6285714285714286,99.31623935699463,0.04305044409867116,0.06164218437969559,0.0450636378117634,0.03510856727148661,0.045556987096640335,0.03682510915582514,0.035301725001063426,0.4683809523809523
0,33,17.31258491859725,120,113,0.3846591420922976,17.31258491859725,0.36585365853658536,0.6371681415929203,99.34959313832223,0.04934464852228369,0.07076536396668895,0.056065593957581476,0.033281225821461424,0.0451938220170971,0.0419319210434246,0.04511253071774519,0.40530973451327423
0,34,15.030079192262477,120,82,0.3950175367906205,15.030079192262477,0.45454545454545453,0.7317073170731707,98.1818163767457,0.05098945164650009,0.08746070251290064,0.046258330155834367,0.04650408650400684,0.0499899697873813,0.04184416583752863,0.03439410416814821,0.20634146341463422
0,35,35.370894105437856,120,84,0.42546975200325204,35.370894105437856,0.8823529411764706,0.5952380952380952,99.21568632125854,0.048386020119453504,0.07101087885702118,0.0486770634863144,0.030124008463600034,0.0580589711140389,0.04461187383199675,0.04458786374475807,0.028809523809523813
0,36,29.520212873899798,120,95,0.41003664487393476,29.520212873899798,0.6666666666666666,0.6210526315789474,99.2592602968216,0.051022726425307446,0.06735906114292789,0.049825752379463024,0.038464823219604836,0.039395878353309585,0.03906256061788802,0.042639376427468664,0.1523157894736842
0,37,20.05527235610528,120,86,0.4399309046406223,20.05527235610528,0.5555555555555556,0.686046511627907,98.51851761341095,0.04816026366994709,0.06534535693014841,0.059063588167171735,0.04004616149777677,0.04546364601053343,0.037958767674045976,0.04129865682350694,0.14616279069767443
0,38,38.099687912644974,120,90,0.4039088585474295,38.099687912644974,0.8,0.5555555555555556,100.0,0.05667507559176009,0.07597848391990288,0.05742642654834844,0.041233332153331,0.06118979260914264,0.04496246723715323,0.03786801227567662,0.06722222222222222
0,39,32.01034202087305,120,120,0.4302547432627784,32.01034202087305,0.575,0.6666666666666666,100.0,0.05384977880439947,0.07473452191321954,0.06003594918716018,0.030798849801155912,0.05851416622498699,0.03597280163413451,0.0404025103746185,0.06641666666666667
0,40,36.95039915818112,120,103,0.3931131368836472,36.95039915818112,0.875,0.6893203883495146,98.74999923631549,0.05939562595686832,0.08311635006820414,0.05073306798553016,0.05512314106188094,0.06273727293826394,0.05236496191078869,0.04484745126068579,0.06427184466019417
0,41,39.980797875580436,120,107,0.46510311143381755,39.980797875580436,0.8888888888888888,0.6635514018691588,99.2592602968216,0.05248065094700102,0.08254094163163546,0.05431267478185029,0.03995212556246267,0.05331680608273378,0.048979356830603143,0.036384397069897226,0.04271028037383178
0,42,19.39536211154074,120,83,0.36325190588634926,19.39536211154074,0.6086956521739131,0.7228915662650602,97.68115878105164,0.04819898522051048,0.06457243923586588,0.04446202210494118,0.0438927583250932,0.04913714341434062,0.0516610701690999,0.03920000118109905,0.11024096385542172
0,43,11.957921590080336,120,100,0.42768345494223475,11.957921590080336,0.40625,0.68,98.74999923631549,0.033501271686370376,0.06252603261720638,0.04595739452022226,0.025760347249863334,0.024648107791119634,0.027302797919547945,0.02130800808162969,0.6431999999999998
0,44,19.588832770676255,120,107,0.419822758840459,19.588832770676255,0.46153846153846156,0.6355140186915887,99.31623935699463,0.04148219178418728,0.054619318151183566,0.04682882961014243,0.03332665613351161,0.04055209046993128,0.03885588957784005,0.032437316404109295,0.43813084112149536
0,45,40.536009908484594,120,117,0.4679960032298238,40.536009908484594,0.8611111111111112,0.6923076923076923,99.2592602968216,0.05282424565121091,0.06854433332496815,0.07166950865935777,0.04906031815595316,0.04898534558255731,0.040867715662441295,0.03680030677660579,0.022735042735042732
0,46,14.671756231242504,120,89,0.3348435401467501,14.671756231242504,0.375,0.6404494382022472,98.74999923631549,0.045600657078977654,0.05219864323736762,0.06209989497185406,0.03490842851398117,0.03725543409306716,0.039988282772027324,0.03444520210112584,0.2762921348314607
0,47,12.05353042757623,120,83,0.399273375344644,12.05353042757623,0.3448275862068966,0.6506024096385542,99.08045930787921,0.04458914666491697,0.06415641966885767,0.04007294943983485,0.04436480933784042,0.03610861317324388,0.04277724834401384,0.03790365041881956,0.36807228915662654
0,48,22.512117018882844,120,85,0.3854907762665179,22.512117018882844,0.5925925925925926,0.6823529411764706,98.51851761341095,0.05444182522531618,0.07510694634444114,0.053333705354715245,0.04487566543625608,0.039868993013110525,0.05177013279081774,0.04637852327633101,0.07435294117647061
0,49,18.548886838908636,120,81,0.43404516460793025,18.548886838908636,0.5,0.6296296296296297,100.0,0.05008699251188608,0.05986887992984488,0.06217496712321604,0.043247846136438166,0.04001367441787628,0.049183121346712176,0.04532892071800102,0.2374074074074074
0,50,8.83789019940556,120,63,0.3710080895597929,8.83789019940556,0.3333333333333333,0.6666666666666666,98.73015880584717,0.04624315079677004,0.07364291078875379,0.06194114601461459,0.04688973355412497,0.04343973401697303,0.03434961741493068,0.03213178260072276,0.3403174603174603
0,51,16.097236190319855,120,95,0.4291661867827212,16.097236190319855,0.5,0.7052631578947368,98.09523820877075,0.04192113623747401,0.07309584305853163,0.03754808615458497,0.04090457143445906,0.03156283714215994,0.037918458119643644,0.03469819969244973,0.4597894736842106
0,52,41.02335656406291,120,119,0.4182766191082819,41.02335656406291,0.8648648648648649,0.6890756302521008,98.9189182408154,0.05048253369846276,0.08220179247460747,0.04580296560703764,0.049977557916253405,0.05086735628106614,0.04048274952507688,0.03813307920966902,0.03436974789915966
0,53,25.8850151465202,120,111,0.43211772928671716,25.8850151465202,0.5454545454545454,0.6036036036036037,99.39393796958029,0.0424997755015352,0.056041698737103046,0.049961557839284826,0.03686081434621789,0.040768827318405636,0.033638242214154394,0.03341579731458165,0.3808108108108106
0,54,24.935633392188546,120,92,0.38054027630866444,24.935633392188546,0.6551724137931034,0.6847826086956522,99.08045930787921,0.05357649490255105,0.07399919228177579,0.07252878493146761,0.02945175505007731,0.061287438625604124,0.04183547259898464,0.04249062456557751,0.15130434782608698
0,55,6.2495496125360335,120,43,0.2820190126995937,6.2495496125360335,0.34782608695652173,0.46511627906976744,97.68115878105164,0.03692629586980814,0.0693217468504783,0.0469077204130001,0.040033585890042286,0.022914968673469753,0.030678331379737026,0.022753680488238382,0.48046511627906985
0,56,42.36072683794942,120,95,0.4099035716470517,42.36072683794942,0.9230769230769231,0.5894736842105263,99.31623935699463,0.05147270758714718,0.07024191853833427,0.06427617662327262,0.043958427649463935,0.05532111240714224,0.039840803263133134,0.035903857584073946,0.03315789473684211
0,57,7.516628387247507,120,57,0.3616459695551672,7.516628387247507,0.34782608695652173,0.5964912280701754,98.26087150722742,0.03857212364810793,0.06726148921101066,0.0513444247316164,0.03126529862057892,0.03118042761590146,0.030115385522856364,0.029089390000018256,0.48684210526315774
0,58,32.59335131697805,120,100,0.44161804307497726,32.59335131697805,0.7428571428571429,0.65,100.0,0.051267854039520874,0.08324373847889413,0.058176192539570445,0.03423604975728166,0.04046755533178073,0.05252988511975753,0.030089155254928,0.08410000000000001
0,59,34.908342779579456,120,112,0.41564317207452656,34.908342779579456,0.6829268292682927,0.6339285714285714,99.34959313832223,0.052338893476607425,0.07466785252640529,0.057477042540939084,0.045025609693657806,0.04838571864467136,0.03861077617473132,0.04128641320920996,0.1209821428571429
0,60,25.676339484731447,120,87,0.3986753902623592,25.676339484731447,0.7037037037037037,0.6896551724137931,98.51851761341095,0.05185827503483416,0.08819243587172723,0.05152429601884437,0.03250892648863692,0.04960567582098078,0.04841250173287267,0.04421880156974435,0.051839080459770114
0,61,23.950152321743804,120,97,0.38731037215405034,23.950152321743804,0.55,0.5876288659793815,100.0,0.04550639595866215,0.05906415695151658,0.054436243637679585,0.03523749033890069,0.04129916938183313,0.03823949870072463,0.04309231008316054,0.3329896907216497
0,62,34.85295318423502,120,98,0.45324094265706566,34.85295318423502,0.8235294117647058,0.6530612244897959,99.21568632125854,0.05031642963644165,0.07305333579062308,0.05527664869717429,0.030259007366375084,0.05149482711818159,0.04221401651897895,0.04069725301492671,0.060918367346938784
0,63,36.402477737362176,120,98,0.41362162263583546,36.402477737362176,0.90625,0.673469387755102,98.74999923631549,0.0505230244013058,0.07141118894707597,0.06221220967187752,0.04506405340427844,0.04487304566963764,0.050332229805045564,0.028352126511329706,0.023877551020408165
0,64,37.570487869870284,120,100,0.44398872278801643,37.570487869870284,1.0,0.71,99.08045930787921,0.053816592322860055,0.07602842117587796,0.06759046425010884,0.05489124706423626,0.043639697321341986,0.039822550139734306,0.039609288216578636,0.015200000000000002
0,65,14.325936459619879,120,87,0.4043291540291828,14.325936459619879,0.38095238095238093,0.7586206896551724,98.73015880584717,0.05017338843010647,0.09003862865592491,0.04298205196833065,0.033790446859326445,0.04225503002210915,0.04873011668414829,0.04983657817087815,0.1345977011494253
0,66,25.609165262427265,120,118,0.3567762173914616,25.609165262427265,0.5,0.6779661016949152,98.59649045392871,0.054638190578913316,0.07729039727387724,0.058920102921658134,0.045179038598176714,0.05156012468470325,0.06127644970243438,0.02777424922461508,0.2291525423728814
0,67,32.48400270253849,120,112,0.4472830757444171,32.48400270253849,0.8,0.7321428571428571,100.0,0.05072070951284985,0.06214577691668399,0.07780349452347043,0.0483596632587382,0.050899009055992775,0.047235197453302784,0.03331639550490255,0.06750000000000002
0,68,30.11907906508055,120,99,0.43479519647973325,30.11907906508055,0.5869565217391305,0.5353535353535354,98.84057836607099,0.055396028923051094,0.0812679452718786,0.06258264073681737,0.04394293206332702,0.058685147267819225,0.04404890589714222,0.05412556046835901,0.21979797979797985
0,69,28.518266166618055,120,82,0.40964678075544386,28.518266166618055,0.9166666666666666,0.7073170731707317,98.88888793066144,0.05251077537211858,0.08241188218125636,0.07848942486656371,0.027851276318832257,0.06239187606859582,0.033439540198722154,0.035955483774506906,0.04317073170731708
0,70,35.56133297094266,120,106,0.3985216243670193,35.56133297094266,0.6666666666666666,0.6037735849056604,99.04761807993054,0.055418178579959565,0.07391518202423339,0.06173168221325693,0.04070744402013941,0.05225218137541277,0.044864161428861585,0.03909323578706923,0.0539622641509434
0,71,33.437519284281684,120,119,0.4120908369011978,33.437519284281684,0.6304347826086957,0.6134453781512605,99.42029118537903,0.04440085715096761,0.0700779014798994,0.04706518858047043,0.03063514098972192,0.04238218610696135,0.03919130946752198,0.032397133218693336,0.22697478991596642
0,72,26.917014293005366,120,119,0.42322837562961896,26.917014293005366,0.48936170212765956,0.6050420168067226,99.14893507957458,0.04840641130942513,0.06585500647341036,0.06257234064823716,0.04073352425097206,0.049782210325947825,0.03586198860558936,0.02954046833247412,0.2536134453781513
0,73,40.970978176147135,120,113,0.45636612594244663,40.970978176147135,0.9142857142857143,0.6902654867256637,100.0,0.04977427028147897,0.06924830079863996,0.05048822394044933,0.04717042064577082,0.04603714241034194,0.0380811639580421,0.03608406462200798,0.022743362831858408
0,74,19.13528914983925,120,88,0.4088040204929267,19.13528914983925,0.4827586206896552,0.6704545454545454,99.08045930787921,0.05606841072013004,0.07521462200290868,0.06515848546355284,0.027846421850768816,0.05431027819988587,0.05130124555252975,0.03244973464359611,0.25522727272727275
0,75,18.095996525924352,120,107,0.4591943219689858,18.095996525924352,0.34375,0.7009345794392523,98.74999923631549,0.0537249731087926,0.06414646238038417,0.05776064652499983,0.038420021525447656,0.06941156858284707,0.03926191160308715,0.04337035103146557,0.18691588785046725
0,76,21.946076835974367,120,103,0.3843810080717809,21.946076835974367,0.5142857142857142,0.6601941747572816,100.0,0.0500698948766262,0.06158784612268435,0.06392080847238388,0.052417435755741565,0.04749331788925777,0.039465233783974596,0.04119796284746169,0.3081553398058254
0,77,13.577959583000816,120,82,0.4261665022311457,13.577959583000816,0.4230769230769231,0.6829268292682927,97.94871713966131,0.04848881903833068,0.06653914864112136,0.06422765249175769,0.036250524810934256,0.03657842604482304,0.043982141733136734,0.05262303826024094,0.38585365853658526
0,78,7.677226658108993,120,75,0.42612940096892843,7.677226658108993,0.2222222222222222,0.76,97.03703727573156,0.0471782354825538,0.07443556181964088,0.049695246377019275,0.021876967088176862,0.045182846470945955,0.05109437756950095,0.047386529421380455,0.27653333333333335
0,79,27.28130864421366,120,84,0.4035938651225699,27.28130864421366,0.84,0.7023809523809523,100.0,0.04981592211223222,0.08633426580739503,0.05396015651907912,0.03733783280583983,0.052145169449645735,0.0408156706322683,0.034910892798124885,0.03464285714285715
0,80,29.386748531182203,120,117,0.4685109556965423,29.386748531182203,0.6285714285714286,0.7008547008547008,100.0,0.04670452951705607,0.06616636506169496,0.06325945496539619,0.0213955652447729,0.05765024362273926,0.032798541314566707,0.03723488987157867,0.08384615384615386
1,1,33.94049526498347,120,114,0.457607747444187,33.94049526498347,0.6170212765957447,0.5877192982456141,99.14893507957458,0.04765543165624296,0.06941447521782765,0.05518319078181155,0.02705391456524782,0.04628886965964479,0.04732676410527125,0.040070419823930586,0.15710526315789475
1,2,44.82547343558907,120,113,0.4490457339069866,44.82547343558907,0.9459459459459459,0.672566371681416,98.9189182408154,0.05750225752164262,0.08317437339130865,0.06293179186316084,0.04186327466900133,0.045108677603633004,0.05107454664439604,0.043983020013764744,0.032477876106194695
1,3,18.40400539711082,120,109,0.4301284512279173,18.40400539711082,0.41379310344827586,0.7339449541284404,99.08045930787921,0.049111481546275995,0.07939294466382972,0.06369698631873587,0.030220480406267878,0.04627134007534726,0.03254346425021358,0.03606431314634859,0.22403669724770645
1,4,31.478312309741213,120,107,0.4537829453668081,31.478312309741213,0.6388888888888888,0.6635514018691588,99.2592602968216,0.060325597914091734,0.07349647405424631,0.06378820080975618,0.04676721049148474,0.06214814464551505,0.05819254274660987,0.05429537767730897,0.07859813084112151
1,5,17.530878401497393,120,98,0.4049746554722459,17.530878401497393,0.36363636363636365,0.6632653061224489,98.38383700698614,0.051806374005257165,0.08077061186754027,0.0625066444315685,0.025248313524274615,0.04512295252572949,0.046350515201154886,0.024192045528557037,0.1942857142857143
1,6,20.414249405800465,120,118,0.41931721378168246,20.414249405800465,0.42424242424242425,0.7203389830508474,98.38383700698614,0.04934964740579573,0.07487444826094876,0.044317251338744514,0.03754981820430429,0.05581541269095601,0.04713047235776893,0.03677884875628857,0.2516949152542373
1,7,39.75067818682884,120,109,0.4816941947984469,39.75067818682884,0.8611111111111112,0.6697247706422018,99.2592602968216,0.05569371927030234,0.0755566106204624,0.06615347196278984,0.04574835555387151,0.058837906730514734,0.05241048342305665,0.036731622255542704,0.03669724770642202
1,8,38.00104559779492,120,97,0.46061641852121404,38.00104559779492,0.8857142857142857,0.6391752577319587,100.0,0.05119009628913831,0.07034296487757342,0.056123417586706276,0.035098195602391954,0.05862194295980016,0.06263254107139733,0.03156407777644686,0.030412371134020625
1,9,30.277735053037745,120,111,0.435967025175985,30.277735053037745,0.6666666666666666,0.7027027027027027,98.38383700698614,0.051343078697784324,0.07956391875403153,0.057615906820168004,0.032004833058498605,0.05399456295626204,0.04922465926956814,0.039508631211783364,0.07135135135135137
1,10,25.26700629447189,120,85,0.4042547224735282,25.26700629447189,0.6551724137931034,0.6588235294117647,99.08045930787921,0.056995608607592674,0.08745817068717872,0.06931545105788904,0.04583900292792608,0.05117465130958036,0.05168632057228033,0.038376551262273975,0.08176470588235295
1,11,36.29866946746391,120,105,0.4013454875566524,36.29866946746391,0.8484848484848485,0.6857142857142857,98.38383700698614,0.054202761746912145,0.0764766330671313,0.06246109627996919,0.029902388972850986,0.05781412786175521,0.04917469372268858,0.0412947607198795,0.06352380952380952
1,12,20.628540403749316,120,115,0.39156172258915906,20.628540403749316,0.4444444444444444,0.6086956521739131,100.0,0.04816371968680438,0.06266621369315807,0.0542770123716748,0.03708677469155803,0.04394773350400156,0.04677892777012391,0.049097704599200515,0.46060869565217416
1,13,23.220703548685183,120,86,0.40675374986285706,23.220703548685183,0.6333333333333333,0.6511627906976745,100.0,0.052452318627960244,0.0781601470958718,0.05478243323700242,0.03761477438897809,0.05012899603646582,0.0597302502348303,0.03874218557749403,0.24697674418604657
1,14,29.810838757885143,120,118,0.44484178437077987,29.810838757885143,0.6578947368421053,0.6779661016949152,98.59649045392871,0.04525716675047407,0.06447192605579136,0.05775742636942918,0.03426317706841448,0.047249999742027135,0.03513096571855649,0.03938895733896959,0.27347457627118643
1,15,34.53735645634248,120,102,0.42801279310440316,34.53735645634248,0.7714285714285715,0.6568627450980392,100.0,0.05266712750291622,0.07025192245686596,0.06986272306164737,0.040845815187757685,0.0483430665335552,0.04076064142682352,0.037740831837518106,0.05147058823529413
1,16,28.28796861717372,120,110,0.445613438860206,28.28796861717372,0.6666666666666666,0.7272727272727273,100.0,0.05235446273608655,0.07341158920849604,0.055317429773856945,0.043619616787831265,0.05810870260554876,0.048721032353619825,0.03726402811800495,0.11136363636363636
1,17,35.54270172603781,120,116,0.4874822098623376,35.54270172603781,0.7368421052631579,0.6724137931034483,98.59649045392871,0.048713342356219304,0.07306129534107074,0.05357979398881329,0.03183862664806841,0.056089860504747145,0.049448262119884075,0.029261045990106316,0.08250000000000002
1,18,29.826034954531092,120,104,0.41542773379020914,29.826034954531092,0.6857142857142857,0.6634615384615384,100.0,0.048366975256205015,0.06401363026484087,0.051334313523413166,0.03435654475655684,0.05510960699460692,0.053533296557714216,0.03896224849244991,0.10903846153846154
1,19,32.17988464055444,120,116,0.44935020887871796,32.17988464055444,0.5531914893617021,0.5948275862068966,99.14893507957458,0.051347207151582815,0.0731284950817759,0.05020014463047451,0.04212258062082997,0.05248699772651502,0.03539218115520482,0.05116078574692379,0.12241379310344827
1,20,22.698003772267786,120,92,0.4104301898699089,22.698003772267786,0.5806451612903226,0.6630434782608695,99.13978474214673,0.05020193186643081,0.08009637564955237,0.06022213967778837,0.04191682323407905,0.06135399481794823,0.04159253105790813,0.032043249937628186,0.19000000000000003
1,21,44.58692308747053,120,111,0.4297722100317956,44.58692308747053,0.8780487804878049,0.6306306306306306,98.69918525218964,0.05346033670252816,0.07490500003100102,0.06121796751033791,0.03424067675323738,0.06537003580445216,0.0434743780641631,0.027773560401101394,0.024324324324324326
1,22,22.86620170902916,120,81,0.44435506802913766,22.86620170902916,0.72,0.691358024691358,100.0,0.05085460232134621,0.06338002769441514,0.06272973117879482,0.036099410410552826,0.054112636751795784,0.0493072433935529,0.042980909955796405,0.15814814814814818
1,23,26.99119135419425,120,95,0.4018658589915276,26.99119135419425,0.625,0.6631578947368421,98.74999923631549,0.05604933390312284,0.08921461036024719,0.05038280391849417,0.046061271295361174,0.056691151323945144,0.04954686900771594,0.05038049329580708,0.08621052631578949
1,24,21.5452703272228,120,100,0.43813247133528604,21.5452703272228,0.5161290322580645,0.69,99.13978474214673,0.04668120736989254,0.08309821296856498,0.04169413877231397,0.034782637196538284,0.03746561116576777,0.052321228507026786,0.04532684950979816,0.16060000000000005
1,25,8.447164954399616,120,72,0.36052699661277454,8.447164954399616,0.28,0.6527777777777778,100.0,0.04914169625421486,0.09720085207957613,0.0509925069265153,0.04730301525978151,0.032436348766736664,0.03563759267753983,0.028952948765829153,0.4212499999999999
1,26,20.07728542055417,120,80,0.4361139386392693,20.07728542055417,0.7,0.75,100.0,0.05121448480453101,0.08146594924125607,0.0678801159677625,0.03682265419691428,0.04893601088718412,0.05504006785664193,0.033303843861917655,0.09875000000000002
1,27,18.256177054640748,120,107,0.44642706128200993,18.256177054640748,0.43243243243243246,0.6542056074766355,98.9189182408154,0.043890274507761055,0.06705038765223538,0.06011968052045467,0.033153243673314146,0.03475371040550894,0.032390176595253416,0.031013286730807003,0.3767289719626169
1,28,9.075862785659785,120,85,0.34843721179683956,9.075862785659785,0.32,0.7058823529411765,100.0,0.04205875388684743,0.047351663442424696,0.056979845248254266,0.03787478293414382,0.04588322832302372,0.029100643268263192,0.03530892278772995,0.5331764705882353
1,29,36.88775254808877,120,84,0.4309040634430458,36.88775254808877,0.9393939393939394,0.6071428571428571,98.78787891939282,0.05164624500362681,0.0645764561518175,0.06290622493876175,0.04868080040156466,0.056832831366262465,0.04193319901591503,0.040094035723976025,0.024880952380952386
1,30,5.382665137173467,120,52,0.3941969245038096,5.382665137173467,0.2222222222222222,0.6538461538461539,97.03703727573156,0.058040142309734116,0.09076091686548855,0.06957306719032166,0.05210252650058327,0.05147453751267958,0.046403110857613755,0.034205592984794954,0.4211538461538461
1,31,15.911810858294388,120,105,0.44360591485433465,15.911810858294388,0.38461538461538464,0.6285714285714286,99.31623935699463,0.04315809325620739,0.0644888718351382,0.04565132934129847,0.03660364993601141,0.046912286608758895,0.0346510863722234,0.03364835077593562,0.4757142857142857
1,32,20.308981217392386,120,116,0.39653935061489826,20.308981217392386,0.42105263157894735,0.6724137931034483,98.59649045392871,0.04981551462703219,0.07504415607590546,0.0478866518238355,0.03974130339737979,0.05039541546354959,0.04135910217823052,0.04877791865119594,0.34948275862068967
1,33,29.443060856725715,120,82,0.39685708256837937,29.443060856725715,0.7272727272727273,0.5975609756097561,98.38383700698614,0.0537338656596173,0.07334177647221594,0.049613034384267236,0.03827568577997637,0.06498504490247312,0.04123086648685212,0.0401645024350837,0.05975609756097563
1,34,34.99598808495131,120,84,0.4282596371764936,34.99598808495131,0.8571428571428571,0.5833333333333334,100.0,0.05113193484182092,0.06932450614866273,0.04388286607616998,0.03957652265720521,0.06653573562144548,0.046620609799349955,0.05011856271747507,0.06821428571428576
1,35,27.929859531512044,120,95,0.40744692496441387,27.929859531512044,0.6388888888888888,0.6210526315789474,99.2592602968216,0.05051981632649451,0.0686382906331283,0.05162029276523444,0.03735389677966094,0.039273386212879305,0.03650595922761488,0.03842920162518222,0.2051578947368421
1,36,21.58287277479025,120,86,0.4284339986863698,21.58287277479025,0.5714285714285714,0.5930232558139535,100.0,0.046813560036458444,0.064219061697285,0.05475818850473395,0.03796100404234893,0.0542540209787074,0.04253205348039746,0.032056519569774906,0.3250000000000002
1,37,35.58999144674302,120,90,0.3995753615184606,35.58999144674302,0.75,0.5555555555555556,100.0,0.055972488785528005,0.07811162883719348,0.05404059630345888,0.042319377881898566,0.060285359589687115,0.0507256187807939,0.03504075918772978,0.09400000000000001
1,38,30.700801687927562,120,120,0.4141113677669365,30.700801687927562,0.5652173913043478,0.6166666666666667,99.42029118537903,0.05051877257675767,0.07460953442665103,0.059265596144382114,0.033157100289876854,0.054632616553903335,0.03513156779485357,0.041569983321200314,0.24666666666666687
1,39,33.107935132648095,120,103,0.4058197834840278,33.107935132648095,0.8518518518518519,0.7378640776699029,98.51851761341095,0.06229447754269956,0.08983874444564213,0.0520188312918666,0.05797375347397605,0.06718053303093924,0.054937380871884,0.04606866597013378,0.04475728155339805
1,40,36.64781349753112,120,107,0.46888139588132804,36.64781349753112,0.9032258064516129,0.7102803738317757,99.13978474214673,0.05243447965871603,0.07508188920611995,0.05587589878519786,0.0392311833019168,0.052704864429122616,0.04790754945623442,0.0424663668348328,0.029252336448598135
1,41,18.596884339018242,120,83,0.352805935428816,18.596884339018242,0.5333333333333333,0.6385542168674698,100.0,0.047573842191024306,0.07012424018321224,0.05991499822481842,0.03131178791416998,0.055525755937700795,0.04347680486346964,0.03496325758623021,0.3703614457831325
1,42,5.201717423280361,120,47,0.38231228852899835,5.201717423280361,0.3125,0.6595744680851063,98.33333399146795,0.036268667557168774,0.07499704760307566,0.042380400470374176,0.023564861560054648,0.047229161345340734,0.02503198043293556,0.02629821567020688,0.45553191489361694
1,43,28.88216429981768,120,107,0.4587551058105157,28.88216429981768,0.5833333333333334,0.6635514018691588,99.2592602968216,0.05497211161105793,0.08674065675376534,0.0613272255096813,0.0326531676853152,0.04711299782573936,0.048312245924130866,0.037269538421435155,0.08373831775700935
1,44,42.02291084479628,120,117,0.475477427375475,42.02291084479628,0.8888888888888888,0.6923076923076923,99.2592602968216,0.055323666014395464,0.07318380603976245,0.06787084545754925,0.04740004794767654,0.0496892691489667,0.042724659330272564,0.047112636058598924,0.024273504273504276
1,45,11.622986203045688,120,63,0.30883759552318646,11.622986203045688,0.37037037037037035,0.5714285714285714,98.51851761341095,0.05261435780387455,0.06519227271454638,0.07288004947279653,0.02073408336898972,0.05878862682057606,0.04463863583503836,0.023902652185358576,0.3133333333333334
1,46,6.3690875165673,120,73,0.39047334959406144,6.3690875165673,0.18181818181818182,0.6986301369863014,98.1818163767457,0.04592520725631488,0.06694653272267827,0.0514644424690091,0.0234051315286397,0.037782517769160834,0.04665316931715542,0.03928787084051294,0.41890410958904123
1,47,23.925578726495814,120,85,0.38183407441777567,23.925578726495814,0.6206896551724138,0.6588235294117647,99.08045930787921,0.053306559880316885,0.06859702355587255,0.06339760370992267,0.03191772396316357,0.04977392358270692,0.0573095971688522,0.04197921535192509,0.10447058823529415
1,48,22.756210786212698,120,81,0.43964621438090085,22.756210786212698,0.6428571428571429,0.654320987654321,98.09523820877075,0.049836014187028675,0.05850262713511046,0.06047071397884259,0.048634021769183106,0.04980737744711658,0.05049829477666498,0.024151684232198083,0.13975308641975318
1,49,7.407290845020985,120,58,0.37050190641687625,7.407290845020985,0.29411764705882354,0.7068965517241379,97.64705896377563,0.04850913647082419,0.07672694856300645,0.058234976823352526,0.04616618119262045,0.034976053689023213,0.051988027533529386,0.028912456412241064,0.3525862068965518
1,50,21.375209877616946,120,95,0.45097643576979035,21.375209877616946,0.5862068965517241,0.6947368421052632,99.08045930787921,0.05164539539754736,0.07746914806344983,0.06814806435518574,0.0387686747690247,0.051643338322625125,0.05087126854396249,0.036509368575325905,0.2998947368421054
1,51,40.98943305314672,120,119,0.42174350656552206,40.98943305314672,0.8205128205128205,0.6722689075630253,99.31623935699463,0.05445354018446789,0.07345512585291043,0.07964142914450485,0.03803123380834177,0.05983559650375676,0.05775660507420355,0.035727131004704545,0.058991596638655455
1,52,30.215591788084012,120,111,0.4611686469016406,30.215591788084012,0.6388888888888888,0.6756756756756757,99.2592602968216,0.05013369169106013,0.07360901238975019,0.059517500018608324,0.031056310906112067,0.04995298500903815,0.044969438437119376,0.04265916428386612,0.1110810810810811
1,53,23.808285020704965,120,92,0.3746054581206841,23.808285020704965,0.6206896551724138,0.6847826086956522,99.08045930787921,0.050715901265896327,0.07423478875792876,0.06303757291699975,0.03530238730359142,0.06305888729146136,0.03147747571671891,0.03684039446486092,0.1405434782608696
1,54,8.799061840333303,120,64,0.3318086160406998,8.799061840333303,0.3333333333333333,0.71875,97.77777884155512,0.04931097179383948,0.07849889635377137,0.052010490464947594,0.05040604860257046,0.048974641282073086,0.03826218031471204,0.04509193439308339,0.31703125
1,55,40.43278726434633,120,95,0.42253816247199777,40.43278726434633,0.9166666666666666,0.6210526315789474,99.2592602968216,0.055810723179017356,0.07692096823835312,0.06740080141246096,0.05045544592845217,0.05066360066916946,0.03935511836438272,0.042935412638149685,0.02526315789473684
1,56,13.432457959003598,120,82,0.3962436693345526,13.432457959003598,0.4444444444444444,0.6707317073170732,97.03703727573156,0.040655059165076564,0.057696209168194255,0.05694072390101286,0.030164123711328688,0.036942228926192436,0.03512547729612674,0.033480931688800286,0.47195121951219515
1,57,28.739126683411367,120,100,0.4444059429426909,28.739126683411367,0.6285714285714286,0.65,100.0,0.05445715525406044,0.07926742590664243,0.05929118441466786,0.040041984654481735,0.05710037938607717,0.04577994871151461,0.03291883636817156,0.10950000000000003
1,58,35.01113521359713,120,112,0.41841726917378425,35.01113521359713,0.6511627906976745,0.6160714285714286,98.7596889026463,0.05555819451968591,0.07022180665590448,0.05883920137625463,0.05393726097749447,0.05786494563938471,0.03931547038898001,0.04557616489169147,0.11928571428571433
1,59,28.33724011480774,120,87,0.4082464394772622,28.33724011480774,0.7777777777777778,0.6896551724137931,98.51851761341095,0.055717551610975836,0.08971165827840788,0.056118154719588836,0.0334976033779477,0.05103438770783943,0.05103833432081582,0.0475715461894784,0.04206896551724139
1,60,18.262980831193875,120,97,0.38479776182586783,18.262980831193875,0.47058823529411764,0.6494845360824743,99.21568632125854,0.044458354696702965,0.05536962253316398,0.055558286725210196,0.03742574574202937,0.044115013587578314,0.026584533688377564,0.04609761798606881,0.3873195876288662
1,61,25.420795511464732,120,98,0.4590071842174153,25.420795511464732,0.6923076923076923,0.7346938775510204,98.97435903549194,0.051395610638174535,0.08114298566620633,0.05907574914536034,0.0324089253378673,0.05860946736589303,0.045568017824324125,0.03783045250814838,0.09336734693877552
1,62,35.898860633171196,120,98,0.4099999139793119,35.898860633171196,0.8787878787878788,0.6632653061224489,98.78787891939282,0.04893833786037101,0.06724023448831945,0.061619455685995944,0.03546980137395545,0.04412220959979578,0.06048422401409394,0.034891381267427794,0.04051020408163266
1,63,35.93438136380515,120,100,0.45048402987108943,35.93438136380515,1.0,0.73,97.03703727573156,0.05507699516048735,0.06678441780973632,0.07548824252976374,0.05228809252216934,0.051086622054846854,0.04668356050135922,0.0406103707243071,0.0219
1,64,2.6149427612397527,120,40,0.3338516247295461,2.6149427612397527,0.15384615384615385,0.675,96.92307710647583,0.050625548041851036,0.08917133617771256,0.03355336185792292,0.04176054235612837,0.04431154143440208,0.06061708281512933,0.040632450954853336,0.41
1,65,33.3563691920815,120,118,0.36066835620569165,33.3563691920815,0.6,0.6186440677966102,100.0,0.05713611613616785,0.06977105360863048,0.06567975410203213,0.04433825887756877,0.060137865829173354,0.05658092572374962,0.044091670952195045,0.21305084745762717
1,66,31.25357558287278,120,112,0.44644850173627604,31.25357558287278,0.7419354838709677,0.7232142857142857,99.13978474214673,0.05101842601264967,0.08166477047693842,0.05197979573113387,0.041669872393667554,0.052108105439507196,0.03834119945950011,0.045266972666430275,0.08
1,67,28.74375561624423,120,99,0.4516337718714034,28.74375561624423,0.6470588235294118,0.6565656565656566,99.21568632125854,0.054893150970986536,0.07427495291317733,0.06364625163728933,0.04571293015074892,0.05211704191468091,0.05074805076212114,0.03552946100874753,0.11515151515151516
1,68,34.92177718507126,120,82,0.40196795386714324,34.92177718507126,0.9354838709677419,0.6219512195121951,99.13978474214673,0.051191253322248775,0.08273680938932504,0.07223790531861038,0.026465652291636332,0.04822368521009204,0.04294725641822388,0.02420128654174874,0.025365853658536587
1,69,38.521111361513505,120,106,0.40153938986842636,38.521111361513505,0.7380952380952381,0.6037735849056604,99.04761807993054,0.05488184428881126,0.07788026060127483,0.05017892838998145,0.03841231726677495,0.049676309364882085,0.05672593227153322,0.03482261979602658,0.05905660377358491
1,70,37.99221902808979,120,119,0.4335349452291038,37.99221902808979,0.6888888888888889,0.6218487394957983,100.0,0.051584972765049156,0.06314830710735124,0.05059820924354752,0.04357407193953971,0.047580238326914936,0.05274443576313449,0.04584583635504975,0.10781512605042018
1,71,28.843537634688847,120,119,0.43744875891123647,28.843537634688847,0.5116279069767442,0.6386554621848739,98.7596889026463,0.05310622819190478,0.06986161463045872,0.05251852644581509,0.043688747476062585,0.05854425835035327,0.046955939560043354,0.03518680717499362,0.1616806722689076
1,72,47.036504916133005,120,113,0.4703285578840565,47.036504916133005,0.9487179487179487,0.6548672566371682,99.31623935699463,0.057033152106259026,0.08058123049945941,0.06483220025101365,0.03443275649174367,0.04570313691346877,0.03894300547911859,0.0321027106266825,0.018141592920353986
1,73,20.16583788131375,120,88,0.40357303465117256,20.16583788131375,0.5,0.6136363636363636,99.21568632125854,0.05535886256583105,0.09503488977689768,0.06312288222128574,0.0501313659354732,0.03367006185054317,0.05173246781880089,0.030759667534705434,0.3022727272727272
1,74,16.573798977666026,120,107,0.44681879916708145,16.573798977666026,0.36666666666666664,0.719626168224299,100.0,0.04784843955419409,0.06647281148588771,0.05858470670812715,0.033680640660167814,0.044799047252635144,0.045845002371665,0.02897798856757487,0.23616822429906542
1,75,23.875276903911995,120,103,0.3744851848018727,23.875276903911995,0.525,0.6116504854368932,100.0,0.04732028248044578,0.06904226429119832,0.05543425951545046,0.04968460107998365,0.04262371068773266,0.034817203353477204,0.03501267656016958,0.35495145631067976
1,76,13.759663725608647,120,82,0.4332660435901235,13.759663725608647,0.391304347826087,0.7195121951219512,97.68115878105164,0.05013866464907277,0.07638228494549416,0.057797314710902166,0.03216122229096556,0.0481310728070713,0.04613512511071548,0.04052824836540085,0.24926829268292686
1,77,22.439814203190224,120,110,0.4746046636842984,22.439814203190224,0.5,0.7272727272727273,100.0,0.04823498115090856,0.06786463932093056,0.04568904067212932,0.026648870981915856,0.04615393214776711,0.050282392104350114,0.04351148700883502,0.09545454545454544
1,78,29.381405714580616,120,84,0.40915614859286037,29.381405714580616,0.7419354838709677,0.6309523809523809,99.13978474214673,0.05818077893390122,0.08757226041898848,0.0644607797739209,0.04107289118862856,0.05983341117173968,0.05103155854488928,0.04125787396528432,0.06369047619047621
1,79,31.169023126999203,120,117,0.48642203573457615,31.169023126999203,0.7096774193548387,0.7350427350427351,99.13978474214673,0.051234616479413846,0.07952225337264066,0.05646717830990999,0.032148401088098855,0.05802164322931598,0.036715892340555084,0.04216587020599747,0.05264957264957266
1,80,8.98145114680758,120,65,0.3193846658606736,8.98145114680758,0.3181818181818182,0.6615384615384615,98.1818163767457,0.05451345475920028,0.10662523698460727,0.060675065234697526,0.037036428706660796,0.041771564183699136,0.039124380393142234,0.046698839509065164,0.39353846153846145
2,1,44.895505293120785,120,113,0.4501539420210341,44.895505293120785,0.9459459459459459,0.672566371681416,98.9189182408154,0.05797075520428305,0.08161965994919057,0.06522965258802864,0.040516311288409504,0.045629851899514344,0.051814485531820366,0.04531326846837324,0.032477876106194695
2,2,18.18130955436906,120,109,0.4264265784591516,18.18130955436906,0.41379310344827586,0.7339449541284404,99.08045930787921,0.04771841695285719,0.07094293063378128,0.06465432597046182,0.02653033348486,0.046819235884847155,0.02965316106624494,0.038322660483150736,0.22403669724770645
2,3,30.46501671532935,120,107,0.44685655320339546,30.46501671532935,0.6388888888888888,0.6635514018691588,99.2592602968216,0.057195084186761606,0.06772252891167223,0.06447626897076925,0.03825823399425141,0.060891806755864544,0.05516192464004976,0.05428910796002481,0.11850467289719631
2,4,17.399795336708188,120,98,0.4042830619099643,17.399795336708188,0.35294117647058826,0.6530612244897959,99.21568632125854,0.052504294834974916,0.07410529086582304,0.05340005146730815,0.026112420688488087,0.05277295532202033,0.04914305223980399,0.03344447450730861,0.19887755102040822
2,5,22.042343811596858,120,118,0.4216709978332866,22.042343811596858,0.45454545454545453,0.7203389830508474,98.38383700698614,0.04990484462165712,0.07140501434203685,0.04898961726693914,0.037073614527615546,0.0567513728979738,0.045966712807663006,0.03933448872652623,0.20093220338983048
2,6,41.67401840434704,120,109,0.4804153951775976,41.67401840434704,0.9166666666666666,0.6697247706422018,99.2592602968216,0.05445647919569871,0.0719640783921752,0.06671095453434003,0.04439672398591774,0.05988015335747825,0.050624945393280385,0.035625531130975226,0.030733944954128442
2,7,37.83306016148804,120,97,0.45792121608079966,37.83306016148804,0.8857142857142857,0.6391752577319587,100.0,0.04981851134612046,0.0694563364606125,0.06041604537887158,0.032036981809346256,0.05164874548674654,0.06203804987339275,0.028859690461809605,0.030412371134020625
2,8,28.710453788653414,120,111,0.43033217541170427,28.710453788653414,0.6363636363636364,0.7027027027027027,98.38383700698614,0.04993488623692859,0.07231561028789284,0.05937958752193047,0.03108051318080819,0.05261534709462986,0.05085079623360198,0.03914914718456001,0.0927927927927928
2,9,21.28407052523532,120,85,0.39565023008917577,21.28407052523532,0.5517241379310345,0.6588235294117647,99.08045930787921,0.05422336594722018,0.08077346320280772,0.06809889756490817,0.0426983726654668,0.05013845519852465,0.05056875892341576,0.03605967044945213,0.16235294117647062
2,10,36.32512269288125,120,105,0.40189558384097435,36.32512269288125,0.8484848484848485,0.6857142857142857,98.38383700698614,0.05437129675758338,0.07227212399244459,0.0610406746257728,0.026289778947802617,0.0576424519816481,0.05055274626707791,0.046427350595252576,0.06352380952380952
2,11,23.38629642355023,120,114,0.4018550063067908,23.38629642355023,0.4166666666666667,0.5789473684210527,99.16666699573398,0.05690451849647379,0.0758089177851156,0.06206169997664474,0.03952591460897539,0.047507898320811946,0.05551785056180277,0.05342202810240238,0.2938596491228071
2,12,26.16740337614374,120,86,0.4115449039843679,26.16740337614374,0.7,0.6511627906976745,100.0,0.053438420004578116,0.0756479853740521,0.058589846526771606,0.03843970692824923,0.053329059636406495,0.06029475268776386,0.040203349812106666,0.16313953488372093
2,13,28.425116041958034,120,118,0.44397006168016245,28.425116041958034,0.631578947368421,0.6779661016949152,98.59649045392871,0.04530177612074208,0.05783828902963033,0.058663887290317455,0.03362377962484669,0.0490679161235677,0.03615046330007852,0.042471377016887336,0.294322033898305
2,14,36.619963795181214,120,102,0.4291810486464179,36.619963795181214,0.8285714285714286,0.6568627450980392,100.0,0.05229979920150819,0.06692336549097157,0.0668290142526055,0.041398118418852055,0.04845284849768527,0.040014731091263175,0.042458929735102485,0.03568627450980393
2,15,29.676141973930534,120,110,0.449836598549984,29.676141973930534,0.7,0.7272727272727273,100.0,0.053561345747837684,0.07173439961737564,0.06040337018648607,0.04111243425545735,0.06113746582678944,0.04535190635495856,0.03983873134122388,0.09463636363636366
2,16,34.42994630687139,120,116,0.48537380678641073,34.42994630687139,0.7105263157894737,0.6724137931034483,98.59649045392871,0.04840454429615508,0.06971375161294419,0.05615131071434582,0.030942277431339996,0.05641562827899181,0.04805911006051634,0.03218466082555446,0.08379310344827588
2,17,32.229094759104264,120,104,0.41707265956466166,32.229094759104264,0.7428571428571429,0.6634615384615384,100.0,0.04865089716882714,0.061870178016220585,0.05035173125486833,0.03418759715284903,0.0557791180519479,0.05839221159841955,0.036864176149842616,0.09
2,18,34.93441790712608,120,116,0.45681797899040016,34.93441790712608,0.6222222222222222,0.6120689655172413,100.0,0.05232819394446219,0.07136990311586958,0.053210350543807364,0.04241864066861082,0.055164519615557746,0.03860887284125129,0.04983375246321245,0.0806034482758621
2,19,23.917736357423617,120,92,0.4122488559928183,23.917736357423617,0.6129032258064516,0.6630434782608695,99.13978474214673,0.05060032086437842,0.07517320113232431,0.06024310975624209,0.03945804523126254,0.062459988979640134,0.04505216458827945,0.03319811261696706,0.17326086956521744
2,20,44.952216136317354,120,111,0.43452246837298164,44.952216136317354,0.9,0.6396396396396397,100.0,0.05467018335675566,0.07142080673779791,0.06852681296772235,0.03281025034032516,0.06557344469382866,0.04442022173744789,0.02936589654372031,0.02081081081081081
2,21,17.18835103894557,120,81,0.4327841527067972,17.18835103894557,0.5416666666666666,0.7037037037037037,98.88888793066144,0.04703508368122338,0.04833839148542778,0.04382560148608651,0.0349489762484419,0.05718201308820506,0.04660335471360121,0.04759547982293268,0.2435802469135803
2,22,29.816414979334013,120,95,0.40253009351103236,29.816414979334013,0.6764705882352942,0.6421052631578947,99.21568632125854,0.056665815969314845,0.09275557875849787,0.05485272097691474,0.043647145863399385,0.056668903076160945,0.045695250403761226,0.05337985670120922,0.10989473684210525
2,23,23.379442659601374,120,100,0.4418104317569374,23.379442659601374,0.5862068965517241,0.71,99.08045930787921,0.046831059989086196,0.08294917783491954,0.04539368387143734,0.03116060945420634,0.04230583723325807,0.0488030166532717,0.042492832401033534,0.11190000000000003
2,24,6.13457683380386,120,65,0.34777749778928263,6.13457683380386,0.22727272727272727,0.6615384615384615,98.1818163767457,0.046203782134554616,0.0892587793348524,0.05132978386126763,0.039626302422193616,0.026493090510928175,0.031285205467913864,0.030544713130736402,0.4306153846153846
2,25,19.38012326658844,120,80,0.43108111278175637,19.38012326658844,0.6666666666666666,0.7375,98.73015880584717,0.04962298154016663,0.06981178355524616,0.06532938812112363,0.04002901826835305,0.04937943288931719,0.05030550565194468,0.03365875894561751,0.15225000000000005
2,26,18.215124667849413,120,107,0.4458013204396402,18.215124667849413,0.43243243243243246,0.6542056074766355,98.9189182408154,0.04358869094437268,0.0646987429719167,0.05825050060232888,0.032798194428079845,0.036020153719063856,0.03141146804027875,0.034085204517409304,0.3767289719626169
2,27,9.9279917092655,120,85,0.34621543949327127,9.9279917092655,0.34615384615384615,0.6941176470588235,98.97435903549194,0.0413869305985933,0.042102095392683135,0.06199220716158173,0.0359348453319873,0.04578227372124983,0.025218138012545,0.03659070894818355,0.4925882352941176
2,28,35.99401114409869,120,84,0.4325843668495752,35.99401114409869,0.9375,0.6190476190476191,98.74999923631549,0.052307587021659496,0.07892627916468861,0.0640828690321691,0.046268319902997124,0.05683743990651788,0.04095733275549725,0.03849954668993968,0.027619047619047626
2,29,6.090950693695227,120,50,0.39154018460701384,6.090950693695227,0.2631578947368421,0.62,98.59649045392871,0.06028352500580937,0.09117096741268249,0.06574994829607728,0.04970837571003117,0.06169555310304871,0.0383335368642783,0.03352257326273194,0.41820000000000007
2,30,14.03315954664169,120,99,0.43757671918703933,14.03315954664169,0.3611111111111111,0.6363636363636364,99.2592602968216,0.04326389265313507,0.06296702309263479,0.04560986465108748,0.03392005605047516,0.045684402749076515,0.03563899049532541,0.03660952722865361,0.48383838383838373
2,31,23.114256556540532,120,116,0.4006144959823908,23.114256556540532,0.46153846153846156,0.6637931034482759,99.31623935699463,0.051424791082238366,0.06801031323715043,0.06090549668968225,0.03985928626340029,0.05216264982303787,0.039990508328216136,0.04980833350010947,0.2850000000000001
2,32,20.03270442102291,120,82,0.39882926884548825,20.03270442102291,0.5833333333333334,0.7073170731707317,98.88888793066144,0.05174137811634985,0.0669815370454885,0.05567200657675021,0.03878832729420943,0.05815033851409471,0.039062470841887464,0.03840779509393211,0.09097560975609757
2,33,35.97224688770374,120,84,0.42541790862054085,35.97224688770374,0.8857142857142857,0.5833333333333334,100.0,0.04947050261177625,0.07547723290484132,0.04612652156580237,0.026771130558571138,0.0640557389008567,0.04596048512484546,0.04595065872029644,0.05726190476190479
2,34,21.56845368935384,120,95,0.39308150981645784,21.56845368935384,0.5428571428571428,0.631578947368421,100.0,0.045200879221732285,0.06461609778682269,0.04829086136177918,0.04538331335274919,0.03144293133199276,0.03832144608569168,0.038707062573703946,0.34157894736842115
2,35,22.901179943636414,120,86,0.43482339415957827,22.901179943636414,0.5882352941176471,0.6046511627906976,99.21568632125854,0.04922696896842452,0.06317942247951255,0.06418721314144468,0.03754887194103509,0.056705493773919306,0.04587793178614875,0.03089208445704617,0.24500000000000016
2,36,37.866524868922006,120,90,0.4018505139483911,37.866524868922006,0.8,0.5555555555555556,100.0,0.05520457059526165,0.0704835654128265,0.05178958768769307,0.04124448951342153,0.06260520770145643,0.05136143691886255,0.040169833750218015,0.06811111111111112
2,37,17.317488428655786,120,98,0.38566517997784366,17.317488428655786,0.40625,0.673469387755102,98.74999923631549,0.04950467993519905,0.07114918125573953,0.060845017669227126,0.03623547049196817,0.04806747622503234,0.02945064093435421,0.039423423044199914,0.27346938775510216
2,38,44.42735245568097,120,103,0.3910372790139533,44.42735245568097,0.9,0.6116504854368932,100.0,0.06145741089895997,0.09904731347753883,0.07742489354957344,0.045185384461835065,0.0613036224059793,0.04411127842626917,0.04663664167054311,0.031067961165048546
2,39,44.75310474360991,120,107,0.4733393796665982,44.75310474360991,1.0,0.6635514018691588,99.2592602968216,0.05448781380651064,0.0756337945025622,0.06314349915101385,0.04623533873991323,0.0551886706066907,0.04898124945107342,0.040558165252745346,0.013644859813084114
2,40,21.59538922098825,120,83,0.35905725348279355,21.59538922098825,0.6,0.6385542168674698,100.0,0.04978434673392189,0.07632245397113313,0.06795994297727181,0.032254253338450695,0.05745719045856504,0.04327605945217518,0.033617600520676215,0.27168674698795187
2,41,2.3962502151460625,120,36,0.37111536412013013,2.3962502151460625,0.16666666666666666,0.6666666666666666,96.6666653752327,0.03649943609464094,0.07336118876605416,0.040401798248814645,0.022743624518543337,0.058158486333229106,0.02319307482119581,0.02650891410463735,0.4197222222222222
2,42,29.5515119992652,120,107,0.46439896022606253,29.5515119992652,0.6,0.6728971962616822,100.0,0.057039071942518525,0.08367898872539677,0.05841226843316005,0.03722077688544279,0.04689129889030368,0.049260205178377016,0.042909398482163574,0.07495327102803738
2,43,42.749215000780175,120,117,0.47229581350010436,42.749215000780175,0.9166666666666666,0.6923076923076923,99.2592602968216,0.053908261603814935,0.07165183283504888,0.06874606661589973,0.050720273798688674,0.047385856326352845,0.04370030745052559,0.04049673179191772,0.023418803418803417
2,44,17.686598413730945,120,95,0.3456646669060638,17.686598413730945,0.4,0.631578947368421,100.0,0.04820423845945917,0.048658560196224374,0.06741368062921205,0.035082900746638654,0.04548617602560593,0.042789204844092946,0.03544917757044013,0.20347368421052633
2,45,11.457345101482515,120,78,0.4011279732908016,11.457345101482515,0.3333333333333333,0.6923076923076923,98.88888793066144,0.047292797340397506,0.07019193685507968,0.055433709941620564,0.029909567611859256,0.04624576408562696,0.03856412689570277,0.045488722814830795,0.29500000000000004
2,46,21.1300501195781,120,85,0.38289707846373083,21.1300501195781,0.5555555555555556,0.6823529411764706,98.51851761341095,0.053451463934937576,0.07391426228231086,0.05271915753533854,0.04035581808964599,0.04626424782187674,0.05456584001552361,0.0422678814998514,0.10952941176470589
2,47,19.25393041451236,120,81,0.4366270641811592,19.25393041451236,0.5357142857142857,0.654320987654321,98.09523820877075,0.0499870441404348,0.06553050911488495,0.065714228399171,0.0379474235657303,0.03705504899525928,0.04644656753166104,0.04214126341397629,0.2155555555555556
2,48,6.489221757431489,120,45,0.35402522738861913,6.489221757431489,0.3125,0.6444444444444445,96.66666574776173,0.051549264156093025,0.06114259510184546,0.05998136074869316,0.04595611776521202,0.046606919100153424,0.05837912993504896,0.03985905543844933,0.312888888888889
2,49,9.880804837841595,120,58,0.38914748848794806,9.880804837841595,0.45,0.6551724137931034,100.0,0.04670040901420123,0.07788393749312299,0.040781385692423414,0.0429766535996464,0.03694648990972874,0.038863879107693074,0.042622021145795004,0.4543103448275863
2,50,49.94046492113956,120,119,0.4184372926423237,49.94046492113956,0.8723404255319149,0.6050420168067226,99.14893507957458,0.05438009165719411,0.09163808317426983,0.05769949700517849,0.048901565834909635,0.040749672294137854,0.038455656597107125,0.04602547582868664,0.018151260504201683
2,51,26.99447648607923,120,111,0.43330835999307993,26.99447648607923,0.5454545454545454,0.6036036036036037,99.39393796958029,0.04366994345142157,0.05459805229396752,0.05220585892325161,0.03689874723609345,0.04205877591152578,0.035075951588971414,0.03867488675091388,0.33333333333333337
2,52,21.52959008600745,120,92,0.3744912826210012,21.52959008600745,0.5862068965517241,0.6847826086956522,99.08045930787921,0.05203883986693043,0.07134762822719305,0.0703586037507716,0.026423423141780505,0.05788327855155666,0.03872699664272975,0.045688411799883935,0.27141304347826095
2,53,23.184826873564607,120,119,0.4049574825436172,23.184826873564607,0.45,0.6638655462184874,100.0,0.05218556193639211,0.06788838859212927,0.050651877987055866,0.043596989447611124,0.05677909611057513,0.05037691801285316,0.03813062088243316,0.2752100840336134
2,54,42.374064700318186,120,95,0.42223638654867146,42.374064700318186,0.9722222222222222,0.6210526315789474,99.2592602968216,0.055706814419941526,0.07172967383720386,0.07519073475491754,0.04561765307445868,0.058860799233568906,0.04563909881265507,0.038549636442825365,0.02
2,55,9.932287467065038,120,72,0.3812582838951554,9.932287467065038,0.36,0.6527777777777778,100.0,0.03945606625207391,0.06311286587061525,0.05870026834817843,0.03047356848508548,0.036142856117971994,0.0286791746951246,0.03301015324426883,0.45611111111111124
2,56,30.648878261198814,120,100,0.44436873740575805,30.648878261198814,0.6666666666666666,0.64,99.2592602968216,0.05449877393867026,0.08162089573967322,0.06328374478520336,0.035988707369522706,0.04287171140449694,0.05225181578583364,0.038662536036640494,0.11010000000000003
2,57,30.335165262644814,120,112,0.41979877261069565,30.335165262644814,0.5609756097560976,0.6339285714285714,99.34959313832223,0.05788338619982641,0.07754651860265262,0.07098850391717795,0.034061146973039386,0.056530393798484055,0.06075011939809023,0.03698169098909367,0.14258928571428572
2,58,26.56609043838858,120,87,0.3917496683444713,26.56609043838858,0.65625,0.632183908045977,97.49999940395355,0.05162280649164267,0.082001842617144,0.049197869128629744,0.03526785720227639,0.05339076625925195,0.053103834922039544,0.042247424463670004,0.07988505747126438
2,59,15.94220718533738,120,94,0.3692651990192556,15.94220718533738,0.48484848484848486,0.648936170212766,98.78787891939282,0.03832272475498481,0.04600433653339824,0.04852444190544165,0.0327775611993586,0.03342086356742853,0.0288422941509152,0.04244338629844776,0.5512765957446809
2,60,31.60516058370587,120,98,0.4725531437777727,31.60516058370587,0.8214285714285714,0.7142857142857143,98.09523820877075,0.057218110740558235,0.08819812593646602,0.06654465529906226,0.0345232974430393,0.06166354468839829,0.04430636552092267,0.04527593240974187,0.03969387755102041
2,61,35.21162816485177,120,98,0.4118588379601389,35.21162816485177,0.8484848484848485,0.6632653061224489,98.38383700698614,0.04963458064978808,0.06358940636549319,0.05809520589722856,0.040220262782602594,0.05071153924980467,0.0457903796039771,0.036416043275849255,0.02908163265306123
2,62,39.06879758768371,120,100,0.44277200536117733,39.06879758768371,1.0,0.69,99.13978474214673,0.05324664310725226,0.07161201039207786,0.08351757713459966,0.04928845372169361,0.05135431358524953,0.04050369960172419,0.03922058070830664,0.0248
2,63,16.032571651601767,120,87,0.41524568893357766,16.032571651601767,0.4090909090909091,0.7471264367816092,98.1818163767457,0.05476977049227186,0.06951889960537992,0.05444311632667825,0.04008743154414164,0.05588343299217885,0.04719201104396866,0.05560371349065074,0.10643678160919542
2,64,12.579593716573482,120,91,0.2894681294328878,12.579593716573482,0.3157894736842105,0.5824175824175825,98.59649045392871,0.0484985238112505,0.06386457931019429,0.050348576275366756,0.032612487646941815,0.0681970734319148,0.055828144068759133,0.024394896514652924,0.43483516483516493
2,65,28.428538464014984,120,112,0.4455196566289363,28.428538464014984,0.6666666666666666,0.7321428571428571,100.0,0.051964506652758084,0.06311061104255296,0.07455691275154193,0.04480184119408645,0.04809586126285838,0.04407425721071666,0.04163082898802351,0.09187500000000003
2,66,31.19427810070628,120,99,0.44983254661934763,31.19427810070628,0.6410256410256411,0.6060606060606061,99.31623935699463,0.05652914536571198,0.07731258752772212,0.07146249090061992,0.04011661498581849,0.05107370834023592,0.050475016027023686,0.05008994685795154,0.10595959595959596
2,67,29.347630688957757,120,82,0.39652971970072215,29.347630688957757,0.8571428571428571,0.6585365853658537,98.09523820877075,0.04826614685845473,0.06743819540383998,0.0824867481774369,0.025999237432508523,0.06714081282481602,0.029246886088496935,0.03221445330979839,0.0528048780487805
2,68,38.78177276077714,120,106,0.40620619848173345,38.78177276077714,0.7380952380952381,0.6037735849056604,99.04761807993054,0.05697204501864471,0.07719253585525922,0.05478349707709492,0.042574411230754394,0.054675616586665504,0.05146758295100107,0.039814929999789354,0.05500000000000001
2,69,32.608451276570186,120,119,0.42756910668342757,32.608451276570186,0.6341463414634146,0.6554621848739496,98.69918525218964,0.04840728037253015,0.07697611822625829,0.056338680801150565,0.03319846153219283,0.048731592331082166,0.04241356982848583,0.037635249094883624,0.14915966386554627
2,70,33.19505321755132,120,119,0.43522705071630463,33.19505321755132,0.5833333333333334,0.5966386554621849,99.16666699573398,0.05303240581843753,0.06242684913913372,0.05966993574239324,0.04721508543570409,0.06140588098000354,0.044633151389766056,0.03753448176492797,0.2423529411764706
2,71,48.308013131014086,120,113,0.46281312656080686,48.308013131014086,0.975,0.6460176991150443,100.0,0.053743557703421006,0.07764685577950026,0.06446467733141051,0.03675389686868077,0.043627014994544175,0.03766784542894514,0.03260639457545322,0.016194690265486728
2,72,15.686471033767253,120,88,0.41371567879026017,15.686471033767253,0.391304347826087,0.7386363636363636,98.26087150722742,0.05532883444307187,0.08185949703499651,0.06296042689117916,0.0336923099122248,0.05136771936342395,0.05026589957576966,0.03493725760738125,0.16102272727272735
2,73,14.45300912696872,120,107,0.4508784489452777,14.45300912696872,0.25806451612903225,0.7102803738317757,99.13978474214673,0.0510509664135014,0.06612289709332961,0.053074495671192885,0.030702963896990256,0.06314353898151638,0.04575494399153958,0.035683398959800834,0.25747663551401867
2,74,2.3753654251945466,120,45,0.2981697272364654,2.3753654251945466,0.13333333333333333,0.6666666666666666,100.0,0.04607971287035051,0.07018251267265252,0.06912972536969483,0.04126548613193885,0.0408112837709548,0.029024680984005354,0.029493620468264682,0.6117777777777778
2,75,9.371234780200723,120,63,0.4028272797270851,9.371234780200723,0.3181818181818182,0.6507936507936508,98.1818163767457,0.051145111121635556,0.07346659502479086,0.050831586510488865,0.03589747868336471,0.03990125936902656,0.05071176356757971,0.052545967213032965,0.292063492063492
2,76,18.42095561875114,120,110,0.4676558301712597,18.42095561875114,0.41935483870967744,0.7181818181818181,99.13978474214673,0.04651959203683988,0.06328709192752237,0.05344953203817271,0.03912774131114138,0.049276807019038436,0.040529904869831976,0.021262287494331462,0.2592727272727273
2,77,27.15492015455836,120,84,0.4092125405855169,27.15492015455836,0.8076923076923077,0.6904761904761905,98.97435903549194,0.053782074544057916,0.08627212133679911,0.05740180898152851,0.04723873085094984,0.05781652081629632,0.04700985100630999,0.03631624557365864,0.06654761904761905
2,78,24.381924995024132,120,117,0.4694407766838152,24.381924995024132,0.5294117647058824,0.7094017094017094,99.21568632125854,0.047854508270126356,0.06951026769627502,0.05770928844245093,0.026669272222083557,0.051017057087100054,0.03192948204010591,0.038281165997260586,0.18752136752136758
2,79,13.375112120204024,120,82,0.3432642904286855,13.375112120204024,0.38461538461538464,0.6829268292682927,98.97435903549194,0.05301886234338917,0.08394349388304283,0.06659049681414918,0.03700795423948791,0.015232466513217196,0.04547041613410582,0.04754878437413155,0.3726829268292684
2,80,39.30321286390967,120,109,0.4599460653191704,39.30321286390967,0.9117647058823529,0.6880733944954128,99.21568632125854,0.04996777913599669,0.07207168377182042,0.062433736304985714,0.033221698564321285,0.05181676402843428,0.04578434002415602,0.03490095358886564,0.029266055045871563
